<?xml version="1.0" encoding="UTF-8"?>
<project-private xmlns="http://www.netbeans.org/ns/project-private/1">
    <editor-bookmarks xmlns="http://www.netbeans.org/ns/editor-bookmarks/2" lastBookmarkId="0"/>
    <open-files xmlns="http://www.netbeans.org/ns/projectui-open-files/2">
        <group>
            <file>file:/C:/Users/ImeshKarunarathne/Documents/NetBeansProjects/Fuel_Application/Fuel_Application-war/src/java/login/registerServlet.java</file>
            <file>file:/C:/Users/ImeshKarunarathne/Documents/NetBeansProjects/Fuel_Application/Fuel_Application-war/web/Request.jsp</file>
            <file>file:/C:/Users/ImeshKarunarathne/Documents/NetBeansProjects/Fuel_Application/Fuel_Application-war/web/catlog.jsp</file>
            <file>file:/C:/Users/ImeshKarunarathne/Documents/NetBeansProjects/Fuel_Application/Fuel_Application-war/web/index.jsp</file>
            <file>file:/C:/Users/ImeshKarunarathne/Documents/NetBeansProjects/Fuel_Application/Fuel_Application-war/src/java/login/catalogServlet.java</file>
            <file>file:/C:/Users/ImeshKarunarathne/Documents/NetBeansProjects/Fuel_Application/Fuel_Application-war/web/Orderupdate.jsp</file>
        </group>
    </open-files>
</project-private>
